Time,ID,Lat,Lon,Alt,#WiFi,SSID1,MAC1,Frequncy1,Signal1,SSID2,MAC2,Frequncy2,Signal2,SSID3,MAC3,Frequncy3,Signal3,SSID4,MAC4,Frequncy4,Signal4,SSID5,MAC5,Frequncy5,Signal5,SSID6,MAC6,Frequncy6,Signal6,SSID7,MAC7,Frequncy7,Signal7,SSID8,MAC8,Frequncy8,Signal8,SSID9,MAC9,Frequncy9,Signal9,SSID10,MAC10,Frequncy10,Signal10,
2017-10-30 12:06:14,ONEPLUS A3010_28_171012,32.10439236,35.20449021,661,9,Ariel_University,24:c9:a1:35:a5:e8,6,-94,island-365C30,24:c9:a1:76:5c:33,12,-81,Ariel_University,8c:0c:90:2f:ca:48,11,-80,Ariel_University,8c:0c:90:2e:f0:d8,1,-79,not_your_wifi,a0:ab:1b:63:40:be,2,-79,,8c:0c:90:ae:f0:d3,1,-79,Ariel_University,24:c9:a1:36:56:e8,6,-76,Ariel_University,8c:0c:90:30:05:58,11,-62,Ariel_University,24:c9:a1:36:55:f8,11,-54,
2017-10-30 12:06:45,ONEPLUS A3010_28_171012,32.10445161,35.20447579,651,1,Ariel_University,24:c9:a1:36:2f:38,1,-88,
2017-10-30 12:07:27,ONEPLUS A3010_28_171012,32.10445131,35.20448783,651,1,Ariel_University,24:c9:a1:35:a5:e8,6,-85,
2017-10-30 12:07:47,ONEPLUS A3010_28_171012,32.10445268,35.20449161,652,2,Ariel_University,24:c9:a1:36:52:f8,1,-87,,8c:0c:90:ae:f0:d3,1,-74,
2017-10-30 12:07:49,ONEPLUS A3010_28_171012,32.10445262,35.20449169,652,2,,24:c9:a1:b6:5c:33,11,-89,Ariel_University,24:c9:a1:33:3d:08,6,-85,
2017-10-30 12:09:48,ONEPLUS A3010_28_171012,32.10443776,35.20454223,652,1,Ariel_University,8c:0c:90:30:05:58,11,-56,
2017-10-30 12:09:54,ONEPLUS A3010_28_171012,32.10443226,35.20454484,652,1,Ariel_University,24:c9:a1:35:aa:08,11,-93,
2017-10-30 12:10:04,ONEPLUS A3010_28_171012,32.1044321,35.2045374,652,1,Ariel_University,8c:0c:90:2e:f0:d8,1,-73,
2017-10-30 23:42:10,ONEPLUS A3010_28_171012,32.10437744,35.20460922,659,2,Ariel_University,8c:0c:90:2f:ca:48,11,-88,Ariel_University,24:c9:a1:36:55:f8,11,-43,
2017-10-30 23:42:12,ONEPLUS A3010_28_171012,32.10440975,35.20463836,656,1,Ariel_University,8c:0c:90:2e:f0:d8,1,-82,
2017-10-30 23:42:20,ONEPLUS A3010_28_171012,32.10437866,35.20459091,666,1,not_your_wifi,a0:ab:1b:63:40:be,2,-86,
2017-10-30 23:42:28,ONEPLUS A3010_28_171012,32.10437426,35.20457751,658,1,Ariel_University,24:c9:a1:36:2f:38,1,-83,
2017-11-01 14:24:03,ONEPLUS A3010_28_171012,32.10432911,35.20458677,645,2,Ariel_University,24:c9:a1:33:3d:08,6,-90,Ariel_University,8c:0c:90:30:05:58,11,-71,
2017-11-01 14:24:05,ONEPLUS A3010_28_171012,32.10432473,35.2045929,641,1,island-365C30,24:c9:a1:76:5c:33,12,-85,
2017-11-01 14:25:02,ONEPLUS A3010_28_171012,32.10436408,35.20456039,640,2,Ariel_University,24:c9:a1:36:56:f8,6,-84,Ariel_University,24:c9:a1:33:3d:08,6,-84,
2017-11-01 14:25:26,ONEPLUS A3010_28_171012,32.10436268,35.20456102,640,1,island-365C30,24:c9:a1:76:5c:33,12,-80,
2017-11-01 14:26:02,ONEPLUS A3010_28_171012,32.10436063,35.20456187,640,1,Ariel_University,24:c9:a1:33:3d:08,6,-76,
2017-11-01 14:27:36,ONEPLUS A3010_28_171012,32.1043398,35.20452306,642,1,Ariel_University,8c:0c:90:2e:f0:d8,1,-80,
2017-11-01 14:27:52,ONEPLUS A3010_28_171012,32.10439696,35.20460419,648,1,Ariel_University,24:c9:a1:36:56:e8,6,-88,
2017-11-01 14:29:28,ONEPLUS A3010_28_171012,32.10437791,35.20460156,647,1,,8c:0c:90:ae:f0:d3,1,-83,
2017-11-01 14:32:18,ONEPLUS A3010_28_171012,32.10437635,35.20460505,638,1,Ariel_University,24:c9:a1:36:56:e8,6,-80,
2017-11-01 14:32:40,ONEPLUS A3010_28_171012,32.1043647,35.20460212,638,2,Ariel_University,8c:0c:90:2e:f0:d8,1,-74,Ariel_University,8c:0c:90:30:05:58,11,-59,
2017-11-01 14:32:52,ONEPLUS A3010_28_171012,32.10444352,35.20453609,650,3,Ariel_University,24:c9:a1:35:aa:08,11,-87,IP-COM_051AB8,d8:38:0d:05:1a:b9,4,-81,,8c:0c:90:ae:f0:d3,1,-72,
2017-11-01 14:32:54,ONEPLUS A3010_28_171012,32.10448447,35.20453355,651,4,not_your_wifi,a0:ab:1b:63:40:be,2,-96,Ariel_University,24:c9:a1:36:2f:38,1,-86,Ariel_University,8c:0c:90:2f:ca:48,11,-83,Ariel_University,24:c9:a1:36:55:f8,11,-72,
2017-11-01 14:32:58,ONEPLUS A3010_28_171012,32.10455633,35.20451013,652,1,Ariel_University,24:c9:a1:35:a5:e8,6,-82,
2017-11-01 14:33:03,ONEPLUS A3010_28_171012,32.10461132,35.2045443,652,3,Ariel_University,6c:aa:b3:08:24:98,6,-82,Ariel_University,24:c9:a1:35:a5:e8,6,-71,Ariel_University,8c:0c:90:2e:f0:d8,1,-66,
2017-11-01 14:33:11,ONEPLUS A3010_28_171012,32.10463178,35.20465976,652,1,Ariel_University,24:c9:a1:35:a5:e8,6,-64,
2017-11-01 14:33:23,ONEPLUS A3010_28_171012,32.10464593,35.20482136,654,5,island-2EE3A0,8c:0c:90:6e:e3:a3,6,-88,,8c:0c:90:ae:e3:a3,6,-85,Ariel_University,24:c9:a1:36:45:28,1,-85,Ariel_University,8c:0c:90:2d:75:b8,4,-82,Ariel_University,24:c9:a1:35:d3:78,1,-67,
2017-11-01 14:33:33,ONEPLUS A3010_28_171012,32.10462687,35.20497135,655,4,lior,20:0c:c8:0c:10:67,11,-85,bezeq,04:a1:51:13:2f:bb,11,-80,Ariel_University,24:c9:a1:36:45:28,1,-76,Ariel_University,8c:0c:90:2f:2b:98,6,-75,
2017-11-01 14:33:43,ONEPLUS A3010_28_171012,32.10466981,35.20514147,654,5,Ariel_University,8c:0c:90:2d:75:b8,4,-76,,8c:0c:90:ae:e3:a3,6,-74,island-2EE3A0,8c:0c:90:6e:e3:a3,6,-68,Ariel_University,8c:0c:90:2f:2b:98,6,-68,Ariel_University,24:c9:a1:35:d3:68,11,-62,
2017-11-01 14:33:50,ONEPLUS A3010_28_171012,32.10469115,35.20525406,654,2,ariel,14:ae:db:39:f8:8d,6,-83,Ariel_University,8c:0c:90:2f:35:38,1,-67,
2017-11-01 14:33:54,ONEPLUS A3010_28_171012,32.10468691,35.20531865,654,2,Ariel_University,24:c9:a1:36:51:b8,2,-89,Ariel_University,24:c9:a1:33:34:68,11,-63,
2017-11-01 14:34:32,ONEPLUS A3010_28_171012,32.10468337,35.20536971,655,2,Ariel_University,2c:5d:93:3e:f5:38,6,-85,Ariel_University,24:c9:a1:35:a6:98,6,-74,
2017-11-01 14:34:43,ONEPLUS A3010_28_171012,32.10469073,35.20552775,654,1,Ariel_University,24:c9:a1:35:a6:98,6,-67,
2017-11-01 14:34:54,ONEPLUS A3010_28_171012,32.10470213,35.20571573,653,3,israela_5,a0:4f:d4:2b:11:c2,52,-82,Redmi,00:ec:0a:cd:e9:32,11,-81,Ariel_University,8c:0c:90:2f:cc:38,11,-67,
2017-11-01 14:35:00,ONEPLUS A3010_28_171012,32.1046803,35.20580453,654,1,Ariel_University,8c:0c:90:2f:d5:68,6,-78,
2017-11-01 14:35:06,ONEPLUS A3010_28_171012,32.10468152,35.20590906,655,4,Ariel_University,e0:10:7f:1e:31:58,1,-88,Ariel_University,e0:10:7f:1a:89:c8,11,-88,Ariel_University,24:c9:a1:33:3b:68,6,-85,Ariel_University,8c:0c:90:2f:d5:68,6,-73,
2017-11-01 14:35:18,ONEPLUS A3010_28_171012,32.10469539,35.20612805,656,4,Ariel_University,f0:b0:52:3e:c8:58,6,-87,Ariel_University,f0:b0:52:3e:d1:38,6,-86,Ariel_University,1c:b9:c4:16:cc:a8,6,-82,Ariel_University,24:c9:a1:35:aa:b8,10,-77,
2017-11-01 14:35:20,ONEPLUS A3010_28_171012,32.10469631,35.2061643,657,4,Ariel_University,ec:8c:a2:26:d2:98,11,-87,Ariel_University,f0:b0:52:3e:c7:b8,1,-83,,8c:0c:90:b0:04:c3,2,-76,Ariel_University,8c:0c:90:30:04:c8,2,-75,
2017-11-01 14:35:35,ONEPLUS A3010_28_171012,32.10468739,35.20644914,663,8,Ariel_University,1c:b9:c4:15:33:dc,36,-91,Ariel_University,ec:8c:a2:08:95:8c,52,-90,Ariel_University,f0:b0:52:3e:cc:1c,36,-90,Ariel_University,ec:8c:a2:08:a2:4c,36,-88,Ariel_University,f0:b0:52:3e:c8:5c,44,-84,Ariel_University,ec:8c:a2:08:aa:d8,6,-84,Ariel_University,ec:8c:a2:08:aa:dc,36,-81,Ariel_University,f0:b0:52:3e:c8:58,6,-80,
2017-11-01 14:35:46,ONEPLUS A3010_28_171012,32.10461387,35.20661521,667,4,Ariel_University,f0:b0:52:3e:c7:a8,11,-89,Ariel_University,f0:b0:52:3e:c8:ec,52,-88,Ariel_University,1c:b9:c4:16:cc:ac,44,-82,Ariel_University,ec:8c:a2:08:a2:48,6,-82,
2017-11-01 14:35:55,ONEPLUS A3010_28_171012,32.10448628,35.20662977,669,7,Ariel_University,f0:b0:52:3e:d8:98,1,-89,Ariel_University,1c:b9:c4:15:41:f8,1,-88,Ariel_University,1c:b9:c4:15:44:3c,36,-87,Ariel_University,1c:b9:c4:15:44:38,11,-85,Ariel_University,ec:8c:a2:08:a2:4c,36,-83,Ariel_University,f0:b0:52:3e:d0:98,1,-77,Ariel_University,ec:8c:a2:08:a2:48,6,-72,
2017-11-01 14:36:05,ONEPLUS A3010_28_171012,32.1043796,35.20672806,671,10,Ariel_University,1c:b9:c4:15:41:fc,44,-90,Ariel_University,ec:8c:a2:09:8c:68,1,-90,masa2,f8:d1:11:77:77:d6,6,-89,Ariel_University,ec:8c:a2:09:8c:6c,36,-88,,ec:8c:a2:88:95:87,52,-87,,1c:b9:c4:95:41:f7,44,-87,Ariel_University,1c:b9:c4:16:ed:fc,36,-85,Ariel_University,ec:8c:a2:08:95:88,1,-85,Ariel_University,f0:b0:52:3e:c7:a8,11,-80,Ariel_University,1c:b9:c4:15:44:3c,36,-79,
2017-11-01 14:36:16,ONEPLUS A3010_28_171012,32.1043794,35.20688328,671,7,Ariel_University,ec:8c:a2:08:95:8c,52,-82,Ariel_University,ec:8c:a2:09:8c:68,1,-82,Ariel_University,1c:b9:c4:15:fd:68,11,-80,Ariel_University,1c:b9:c4:16:ed:f8,1,-80,Ariel_University,1c:b9:c4:15:41:f8,1,-79,,ec:8c:a2:88:95:87,52,-78,Ariel_University,ec:8c:a2:08:95:88,1,-78,
2017-11-01 14:36:25,ONEPLUS A3010_28_171012,32.10424312,35.20691081,670,1,,1c:b9:c4:96:cc:a7,44,-88,
2017-11-01 14:36:37,ONEPLUS A3010_28_171012,32.10406198,35.20689818,670,2,Ariel_University,1c:b9:c4:16:ec:58,6,-88,island-154470,1c:b9:c4:55:44:73,8,-84,
2017-11-01 14:36:41,ONEPLUS A3010_28_171012,32.10402433,35.20681703,669,1,Ariel_University,1c:b9:c4:16:06:3c,36,-90,
2017-11-01 14:36:50,ONEPLUS A3010_28_171012,32.1039271,35.2067212,669,6,Ariel_University,1c:b9:c4:15:36:8c,36,-89,Ariel_University,ec:8c:a2:08:a3:28,11,-88,Ariel_University,1c:b9:c4:16:ec:5c,44,-85,Ariel_University,ec:8c:a2:08:a1:38,1,-83,KCG_54,00:25:86:cc:07:b2,2,-80,AUC_54_R,00:25:86:cc:00:f8,5,-73,
2017-11-01 14:37:17,ONEPLUS A3010_28_171012,32.10369894,35.20696385,669,3,DIRECT-56-HP DeskJet 3630 series,30:e1:71:0d:e0:57,6,-93,Ariel_University,ec:8c:a2:08:a3:bc,52,-91,Ariel_University,ec:8c:a2:08:7a:1c,48,-83,
2017-11-01 14:37:20,ONEPLUS A3010_28_171012,32.1036534,35.20696595,669,2,,ec:8c:a2:88:a3:b7,52,-87,Ariel_University,ec:8c:a2:08:a3:b8,11,-85,
2017-11-01 14:37:35,ONEPLUS A3010_28_171012,32.10363559,35.20718259,670,3,Ariel_University,ec:8c:a2:08:a3:bc,52,-84,Ariel_University,ec:8c:a2:26:b0:58,1,-77,Ariel_University,ec:8c:a2:08:7a:1c,48,-74,
2017-11-01 14:37:45,ONEPLUS A3010_28_171012,32.1035762,35.20731852,671,8,Ariel_University,ec:8c:a2:09:86:4c,44,-91,Ariel_University,ec:8c:a2:08:ab:dc,36,-91,,ec:8c:a2:8a:11:97,44,-89,Ariel_University,1c:b9:c4:15:36:7c,36,-89,Ariel_University,ec:8c:a2:0a:11:98,11,-88,Ariel_University,ec:8c:a2:09:84:fc,36,-87,Ariel_University,1c:b9:c4:16:28:88,11,-87,Ariel_University,ec:8c:a2:26:ae:28,11,-79,
2017-11-01 14:37:53,ONEPLUS A3010_28_171012,32.10350121,35.20743708,672,3,Ariel_University,ec:8c:a2:09:8e:dc,44,-86,Ariel_University,ec:8c:a2:08:7a:18,1,-81,Ariel_University,ec:8c:a2:26:b0:58,1,-65,
2017-11-01 14:38:05,ONEPLUS A3010_28_171012,32.10354376,35.20762713,671,1,DIRECT-F1-HP DeskJet 3630 series,a0:8c:fd:0a:14:5b,6,-91,
2017-11-01 14:38:15,ONEPLUS A3010_28_171012,32.10349384,35.20770535,678,2,Ariel_University,1c:b9:c4:16:d2:8c,44,-89,,00:25:86:cb:fd:f8,9,-86,
2017-11-01 14:38:23,ONEPLUS A3010_28_171012,32.10347322,35.2077653,686,3,Ariel_University,ec:8c:a2:08:a9:28,11,-91,Ariel_University,ec:8c:a2:09:8c:3c,52,-90,Ariel_University,ec:8c:a2:08:7a:1c,48,-68,
2017-11-01 14:38:38,ONEPLUS A3010_28_171012,32.10346646,35.20799775,685,4,Ariel_University,ec:8c:a2:09:03:3c,44,-89,Ariel_University,ec:8c:a2:09:03:38,1,-87,Ariel_University,ec:8c:a2:09:0c:c8,1,-78,,ec:8c:a2:88:7a:17,48,-75,
2017-11-01 14:38:45,ONEPLUS A3010_28_171012,32.10347197,35.20808082,683,3,Ariel_University,ec:8c:a2:08:78:3c,56,-83,,ec:8c:a2:88:78:37,56,-82,,00:27:22:f3:bb:3a,6,-76,
2017-11-01 14:38:53,ONEPLUS A3010_28_171012,32.10343662,35.20820496,683,2,,ec:8c:a2:88:78:37,56,-75,Ariel_University,ec:8c:a2:08:78:3c,56,-74,
2017-11-01 14:39:05,ONEPLUS A3010_28_171012,32.10341646,35.20837504,684,2,Ariel_University,ec:8c:a2:08:94:1c,40,-80,Ariel_University,ec:8c:a2:08:78:3c,56,-57,
2017-11-01 14:39:18,ONEPLUS A3010_28_171012,32.10341216,35.20856155,688,4,TamiRacheli,78:11:dc:1a:cf:d0,8,-86,Ariel_University,ec:8c:a2:08:78:38,1,-85,Ariel_University,1c:b9:c4:16:d2:88,11,-85,Ariel_University,ec:8c:a2:08:94:18,1,-84,
2017-11-01 14:39:27,ONEPLUS A3010_28_171012,32.10339932,35.20866939,684,1,Si_2.4G,c4:12:f5:85:12:7d,5,-89,
2017-11-01 14:39:29,ONEPLUS A3010_28_171012,32.10339772,35.20870846,686,2,Ariel_University,1c:b9:c4:16:d2:8c,44,-86,,00:25:86:cb:fd:f8,9,-84,
2017-11-01 14:39:41,ONEPLUS A3010_28_171012,32.10339055,35.20881988,688,2,Ariel_University,ec:8c:a2:08:7a:1c,48,-82,Ariel_University,1c:b9:c4:12:7c:c8,11,-80,
2017-11-01 14:39:48,ONEPLUS A3010_28_171012,32.10342745,35.20890105,691,5,Ariel_University,1c:b9:c4:12:7c:cc,36,-88,Ariel_University,1c:b9:c4:16:28:ec,40,-88,,ec:8c:a2:88:78:c7,40,-86,Ariel_University,ec:8c:a2:08:78:cc,40,-85,Ariel_University,ec:8c:a2:08:94:18,1,-68,
2017-11-01 14:39:55,ONEPLUS A3010_28_171012,32.10348847,35.20900122,691,2,Ariel_University,ec:8c:a2:08:78:cc,40,-79,Ariel_University,1c:b9:c4:16:28:ec,40,-74,
2017-11-01 14:40:08,ONEPLUS A3010_28_171012,32.10363798,35.20912902,693,2,Ariel_University,1c:b9:c4:16:28:e8,1,-78,Ariel_University,1c:b9:c4:16:28:ec,40,-69,
2017-11-01 14:40:26,ONEPLUS A3010_28_171012,32.10386624,35.209321,691,10,Ariel_University,1c:b9:c4:16:12:e8,11,-89,Ariel_University,1c:b9:c4:16:1d:7c,52,-88,,8c:0c:90:ae:16:83,1,-84,,8c:0c:90:6e:16:88,1,-84,Ariel_University,ec:8c:a2:26:b0:e8,1,-84,Ariel_University,8c:0c:90:2e:16:88,1,-83,,1c:b9:c4:96:28:e7,40,-82,Ariel_University,ec:8c:a2:26:d3:68,11,-78,Ariel_University,1c:b9:c4:16:cc:dc,36,-77,Ariel_University,1c:b9:c4:16:28:e8,1,-57,
2017-11-01 14:40:33,ONEPLUS A3010_28_171012,32.10395278,35.20938622,694,8,Pele Shetah,60:e3:27:a7:7c:14,1,-93,TP-LINK_B51F98,54:e6:fc:b5:1f:98,1,-93,Ariel_University,1c:b9:c4:16:1d:78,11,-87,AUC_54_R,00:25:86:cc:00:f8,5,-85,DIRECT-64-HP DeskJet 3630 series,30:e1:71:0d:e0:65,6,-81,Ariel_University,1c:b9:c4:16:cc:d8,1,-72,Ariel_University,ec:8c:a2:26:b0:e8,1,-71,Ariel_University,ec:8c:a2:26:d3:68,11,-57,
2017-11-01 14:40:44,ONEPLUS A3010_28_171012,32.10410761,35.20944712,696,4,Ariel_University,1c:b9:c4:16:05:38,11,-89,Ariel_University,1c:b9:c4:15:23:5c,36,-88,Neuropplied,c4:12:f5:85:27:b8,11,-84,DIRECT-6E-HP DeskJet 3630 series,a0:8c:fd:8c:79:6f,6,-82,
2017-11-01 14:40:55,ONEPLUS A3010_28_171012,32.10420622,35.20960651,694,4,GIFTWIZARD,90:8d:78:53:fe:d8,10,-89,HP-Print-2c-LaserJet 400 color,9c:d2:1e:04:e6:2c,6,-87,Ariel_University,8c:0c:90:2f:cb:e8,1,-81,Ariel_University,1c:b9:c4:15:23:58,1,-79,
2017-11-01 14:41:06,ONEPLUS A3010_28_171012,32.10416747,35.20973282,691,2,Ariel_University,1c:b9:c4:14:62:48,11,-90,,00:27:22:f3:bb:2b,6,-78,
2017-11-01 14:41:11,ONEPLUS A3010_28_171012,32.10413372,35.2097742,692,6,ShapeDo-5GHz,f8:e9:03:12:ef:3c,48,-90,DIRECT-66-HP DeskJet 3630 series,30:e1:71:0d:e0:67,6,-89,Ariel_University,1c:b9:c4:15:34:b8,6,-82,mati-sh1,c4:12:f5:fd:6a:74,9,-79,Ariel_University,8c:0c:90:2f:cb:e8,1,-75,,8c:0c:90:6f:cb:e8,1,-75,
2017-11-01 14:41:25,ONEPLUS A3010_28_171012,32.10413211,35.20984477,697,5,Ariel_University,1c:b9:c4:15:34:bc,36,-90,ArtSim,fc:75:16:53:0e:93,6,-88,Ariel_University,24:79:2a:2b:07:b8,11,-86,,8c:0c:90:6f:cb:e8,1,-67,Ariel_University,8c:0c:90:2f:cb:e8,1,-55,
2017-11-01 14:42:00,ONEPLUS A3010_28_171012,32.10436022,35.21027663,694,10,Yotta Green_5G,90:8d:78:54:6b:4c,60,-85,GIFTWIZARD,90:8d:78:53:fe:d8,10,-82,GIFTWIZARD_5G,90:8d:78:53:fe:d7,60,-81,yosh,00:11:6b:11:7e:0c,1,-80,Ariel_University,8c:0c:90:2f:36:58,1,-78,Salomon,90:8d:78:54:6b:4d,1,-77,Ariel_University,1c:b9:c4:15:34:b8,6,-75,mati-sh1,c4:12:f5:fd:6a:74,9,-72,Ariel_University,1c:b9:c4:15:25:48,1,-69,CliClap,c8:be:19:09:6f:11,6,-68,
2017-11-01 14:42:31,ONEPLUS A3010_28_171012,32.10415975,35.21065312,699,6,Ariel_University,24:79:2a:2c:61:6c,36,-90,Ariel_University,1c:b9:c4:15:ed:38,6,-86,Ariel_University,24:79:2a:2c:61:68,6,-84,Ariel_University,8c:0c:90:2d:34:38,11,-82,Ariel_University,24:79:2a:2b:24:98,1,-81,Ariel_University,8c:0c:90:2e:e8:18,6,-73,
2017-11-01 14:42:33,ONEPLUS A3010_28_171012,32.10418099,35.21069067,699,2,Ariel_University,1c:b9:c4:15:41:78,11,-89,Ariel_University,8c:0c:90:2d:34:38,11,-70,
2017-11-01 14:42:43,ONEPLUS A3010_28_171012,32.10427357,35.21083778,702,5,Ariel_University,1c:b9:c4:16:e8:fc,36,-85,Ariel_University,1c:b9:c4:15:41:78,11,-83,Ariel_University,8c:0c:90:2f:d3:d8,11,-76,Ariel_University,1c:b9:c4:15:ed:3c,44,-73,Ariel_University,1c:b9:c4:15:ed:38,6,-67,
2017-11-01 14:42:52,ONEPLUS A3010_28_171012,32.10430502,35.21097799,701,3,Ariel_University,1c:b9:c4:14:36:f8,6,-84,Ariel_University,1c:b9:c4:16:e8:f8,1,-77,Ariel_University,1c:b9:c4:15:41:78,11,-76,
2017-11-01 14:42:56,ONEPLUS A3010_28_171012,32.10430645,35.21104495,702,1,Ariel_University,1c:b9:c4:15:41:7c,44,-87,
2017-11-01 14:42:58,ONEPLUS A3010_28_171012,32.10431071,35.21108195,702,2,Ariel_University,1c:b9:c4:14:36:fc,36,-84,Ariel_University,1c:b9:c4:16:e8:f8,1,-71,
2017-11-01 14:43:03,ONEPLUS A3010_28_171012,32.10436577,35.21114196,704,4,BezeqNGN_009030Hz_5G_1,3c:1e:04:05:5f:f6,60,-92,Ariel_University,1c:b9:c4:14:36:f8,6,-75,Ariel_University,1c:b9:c4:14:36:fc,36,-71,,1c:b9:c4:94:36:f7,36,-69,
2017-11-01 14:43:13,ONEPLUS A3010_28_171012,32.10442224,35.21119832,704,5,Ariel_University,1c:b9:c4:15:ed:48,11,-78,Ariel_University,1c:b9:c4:15:ed:4c,52,-70,Ariel_University,1c:b9:c4:14:36:f8,6,-54,Ariel_University,1c:b9:c4:14:36:fc,36,-51,,1c:b9:c4:94:36:f7,36,-50,
2017-11-01 14:43:18,ONEPLUS A3010_28_171012,32.10445973,35.21117921,704,5,Ariel_University,ec:8c:a2:08:79:a8,1,-88,Ariel_University,1c:b9:c4:15:ed:4c,52,-60,Ariel_University,1c:b9:c4:15:ed:3c,44,-57,Ariel_University,1c:b9:c4:15:ed:48,11,-57,Ariel_University,1c:b9:c4:14:36:f8,6,-43,
2017-11-01 14:43:24,ONEPLUS A3010_28_171012,32.10442346,35.21110655,703,4,Ariel_University,ec:8c:a2:08:79:8c,44,-79,Ariel_University,ec:8c:a2:08:79:88,11,-77,,1c:b9:c4:95:ed:47,52,-70,Ariel_University,1c:b9:c4:15:ed:38,6,-54,
2017-11-01 14:43:30,ONEPLUS A3010_28_171012,32.10440514,35.21102625,700,2,Ariel_University,1c:b9:c4:15:ed:3c,44,-42,Ariel_University,1c:b9:c4:15:ed:38,6,-40,
2017-11-01 14:43:34,ONEPLUS A3010_28_171012,32.10441673,35.21098136,703,1,Ariel_University,1c:b9:c4:16:e8:fc,36,-78,
2017-11-01 14:43:36,ONEPLUS A3010_28_171012,32.10443933,35.21096472,704,1,Ariel_University,8c:0c:90:2f:d3:d8,11,-70,
2017-11-01 14:43:44,ONEPLUS A3010_28_171012,32.10447993,35.21096561,702,2,,1c:b9:c4:96:e8:f7,36,-73,Ariel_University,1c:b9:c4:16:e8:f8,1,-66,
2017-11-01 14:43:51,ONEPLUS A3010_28_171012,32.1044243,35.2110293,702,4,Ariel_University,1c:b9:c4:15:44:8c,36,-80,Ariel_University,1c:b9:c4:15:41:7c,44,-70,Ariel_University,1c:b9:c4:16:e8:fc,36,-56,Ariel_University,1c:b9:c4:16:e8:f8,1,-55,
2017-11-01 14:43:54,ONEPLUS A3010_28_171012,32.10439012,35.21104954,702,3,Ariel_University,1c:b9:c4:15:44:88,6,-77,Ariel_University,1c:b9:c4:15:41:78,11,-62,Ariel_University,1c:b9:c4:16:e8:f8,1,-47,
2017-11-01 14:43:58,ONEPLUS A3010_28_171012,32.10438804,35.21110648,702,4,Ariel_University,1c:b9:c4:15:44:88,6,-72,Ariel_University,1c:b9:c4:15:44:8c,36,-70,Ariel_University,1c:b9:c4:15:41:7c,44,-63,Ariel_University,1c:b9:c4:16:e8:fc,36,-44,
2017-11-01 14:44:06,ONEPLUS A3010_28_171012,32.10438392,35.21121165,702,3,Ariel_University,1c:b9:c4:15:44:8c,36,-65,Ariel_University,1c:b9:c4:15:41:7c,44,-55,Ariel_University,1c:b9:c4:15:41:78,11,-43,
2017-11-01 14:44:13,ONEPLUS A3010_28_171012,32.10438396,35.21121109,701,2,Ariel_University,1c:b9:c4:15:44:8c,36,-56,Ariel_University,1c:b9:c4:15:44:88,6,-55,
2017-11-01 14:44:15,ONEPLUS A3010_28_171012,32.10438397,35.21121104,701,5,Redmi,38:a4:ed:6b:f4:37,1,-78,,1c:b9:c4:95:41:77,44,-59,,1c:b9:c4:95:44:87,36,-48,Ariel_University,1c:b9:c4:15:44:8c,36,-47,Ariel_University,1c:b9:c4:15:44:88,6,-47,
2017-11-01 14:45:33,ONEPLUS A3010_28_171012,32.10438397,35.21121095,701,8,Redmi,38:a4:ed:6b:f4:37,1,-76,Ariel_University,1c:b9:c4:16:e8:f8,1,-66,Ariel_University,1c:b9:c4:16:e8:fc,36,-63,Ariel_University,1c:b9:c4:15:41:7c,44,-63,,1c:b9:c4:96:e8:f7,36,-62,Ariel_University,1c:b9:c4:15:41:78,11,-61,Ariel_University,1c:b9:c4:15:44:8c,36,-47,Ariel_University,1c:b9:c4:15:44:88,6,-47,
2017-11-01 14:48:04,ONEPLUS A3010_28_171012,32.10436803,35.21121037,701,10,Ariel_University,1c:b9:c4:15:ed:48,11,-88,Redmi,38:a4:ed:6b:f4:37,1,-80,Ariel_University,1c:b9:c4:16:e8:fc,36,-74,,1c:b9:c4:96:e8:f7,36,-72,Ariel_University,1c:b9:c4:16:e8:f8,1,-71,Ariel_University,1c:b9:c4:15:41:7c,44,-66,Ariel_University,1c:b9:c4:15:44:88,6,-63,Ariel_University,1c:b9:c4:15:44:8c,36,-59,Ariel_University,1c:b9:c4:15:41:78,11,-57,Ariel_University,1c:b9:c4:15:44:88,6,-53,
2017-11-01 14:50:05,ONEPLUS A3010_28_171012,32.10436823,35.21121019,701,10,Ariel_University,1c:b9:c4:16:e8:fc,36,-68,Ariel_University,1c:b9:c4:16:e8:fc,36,-68,,1c:b9:c4:96:e8:f7,36,-68,Ariel_University,1c:b9:c4:16:e8:f8,1,-67,Redmi,38:a4:ed:6b:f4:37,1,-63,Redmi,38:a4:ed:6b:f4:37,1,-63,,1c:b9:c4:95:41:77,44,-62,Ariel_University,1c:b9:c4:15:41:78,11,-61,Ariel_University,1c:b9:c4:15:41:7c,44,-60,Ariel_University,1c:b9:c4:15:41:7c,44,-60,
2017-11-01 14:52:11,ONEPLUS A3010_28_171012,32.10436863,35.21120981,701,10,Ariel_University,1c:b9:c4:15:ed:48,11,-87,Ariel_University,1c:b9:c4:15:ed:48,11,-87,Ariel_University,1c:b9:c4:16:e8:f8,1,-73,Redmi,38:a4:ed:6b:f4:37,1,-69,,1c:b9:c4:96:e8:f7,36,-69,Ariel_University,1c:b9:c4:16:e8:fc,36,-68,Ariel_University,1c:b9:c4:15:41:78,11,-60,Ariel_University,1c:b9:c4:15:41:7c,44,-60,Ariel_University,1c:b9:c4:15:44:8c,36,-56,Ariel_University,1c:b9:c4:15:44:88,6,-41,
2017-11-01 14:55:03,ONEPLUS A3010_28_171012,32.10436887,35.21120961,701,10,Ariel_University,1c:b9:c4:15:ed:48,11,-83,Redmi,38:a4:ed:6b:f4:37,1,-78,Redmi,38:a4:ed:6b:f4:37,1,-73,,1c:b9:c4:96:e8:f7,36,-72,Ariel_University,1c:b9:c4:16:e8:fc,36,-71,Ariel_University,1c:b9:c4:16:e8:f8,1,-69,Ariel_University,1c:b9:c4:15:41:78,11,-64,Ariel_University,1c:b9:c4:15:44:8c,36,-59,Ariel_University,1c:b9:c4:15:41:7c,44,-58,Ariel_University,1c:b9:c4:15:44:88,6,-40,
2017-11-01 15:17:42,ONEPLUS A3010_28_171012,32.10436884,35.21120966,701,2,Redmi,38:a4:ed:6b:f4:37,1,-64,Ariel_University,1c:b9:c4:15:41:78,11,-54,
2017-11-01 15:21:58,ONEPLUS A3010_28_171012,32.10436894,35.21121048,701,8,,1c:b9:c4:96:e8:f7,36,-71,Ariel_University,1c:b9:c4:16:e8:fc,36,-70,Ariel_University,1c:b9:c4:16:e8:f8,1,-69,Redmi,38:a4:ed:6b:f4:37,1,-68,Ariel_University,1c:b9:c4:15:44:8c,36,-61,Ariel_University,1c:b9:c4:15:44:88,6,-59,Ariel_University,1c:b9:c4:15:41:78,11,-55,Ariel_University,1c:b9:c4:15:41:7c,44,-55,
2017-11-01 16:27:30,ONEPLUS A3010_28_171012,32.10387282,35.20695317,672,4,Ariel_University,1c:b9:c4:16:18:78,11,-85,Ariel_University,1c:b9:c4:16:04:d8,1,-80,Ariel_University,1c:b9:c4:16:06:38,11,-79,Ariel_University,1c:b9:c4:15:1f:58,11,-79,
2017-11-01 16:27:40,ONEPLUS A3010_28_171012,32.10400005,35.20698088,671,3,Ariel_University,ec:8c:a2:08:a3:38,6,-88,Ariel_University,1c:b9:c4:15:41:fc,44,-85,,00:27:22:f3:e1:da,11,-80,
2017-11-01 16:27:51,ONEPLUS A3010_28_171012,32.10412216,35.20700434,673,3,,1c:b9:c4:96:04:d7,58,-78,Ariel_University,1c:b9:c4:16:04:dc,58,-74,KCG_54,00:25:86:cc:07:b2,2,-73,
2017-11-01 16:28:02,ONEPLUS A3010_28_171012,32.10422264,35.20702281,674,1,Ariel_University,ec:8c:a2:08:aa:dc,36,-93,
2017-11-01 16:28:09,ONEPLUS A3010_28_171012,32.10428602,35.20699184,674,5,Ariel_University,ec:8c:a2:08:a2:48,6,-89,Ariel_University,ec:8c:a2:26:d3:c8,1,-88,Ariel_University,ec:8c:a2:08:aa:d8,6,-88,Ariel_University,ec:8c:a2:08:95:88,1,-80,Ariel_University,ec:8c:a2:08:95:8c,52,-71,
2017-11-01 16:28:16,ONEPLUS A3010_28_171012,32.10435618,35.20696375,679,4,Ariel_University,ec:8c:a2:08:aa:dc,36,-88,Ariel_University,1c:b9:c4:16:cc:a8,6,-88,Ariel_University,ec:8c:a2:08:95:88,1,-71,Ariel_University,f0:b0:52:3e:d4:58,11,-70,
2017-11-01 16:28:19,ONEPLUS A3010_28_171012,32.10440617,35.20694441,679,1,Ariel_University,ec:8c:a2:08:aa:d8,6,-79,
2017-11-01 16:28:22,ONEPLUS A3010_28_171012,32.10443791,35.20695541,680,1,Ariel_University,1c:b9:c4:15:0e:b8,11,-80,
2017-11-01 16:28:29,ONEPLUS A3010_28_171012,32.10447661,35.20703798,684,5,Ariel_University,f0:b0:52:3e:d4:5c,44,-89,Ariel_University,1c:b9:c4:14:38:2c,36,-87,Ariel_University,1c:b9:c4:14:38:28,6,-86,Ariel_University,f0:b0:52:3e:d1:e8,1,-83,Afikim_Wifi,00:1a:dd:f4:f5:c5,8,-81,
2017-11-01 16:28:36,ONEPLUS A3010_28_171012,32.10454805,35.20710303,685,4,Ariel_University,f0:b0:52:3e:d6:f8,6,-90,Ariel_University,ec:8c:a2:26:d2:c8,11,-86,Ariel_University,f0:b0:52:3e:da:18,6,-84,Ariel_University,f0:b0:52:3e:d1:e8,1,-76,
2017-11-01 16:28:39,ONEPLUS A3010_28_171012,32.10456691,35.20713503,677,7,Ariel_University,f0:b0:52:3e:d0:3c,52,-90,,f0:b0:52:be:d8:97,44,-89,Ariel_University,f0:b0:52:3e:d8:9c,44,-88,Ariel_University,f0:b0:52:3e:d1:ec,40,-88,Ariel_University,f0:b0:52:3e:da:1c,58,-87,Ariel_University,f0:b0:52:3e:d4:5c,44,-84,Ariel_University,f0:b0:52:3e:d0:38,11,-83,
2017-11-01 16:28:44,ONEPLUS A3010_28_171012,32.10464914,35.2071046,681,2,Ariel_University,f0:b0:52:3e:d6:fc,44,-92,Ariel_University,f0:b0:52:3e:d8:9c,44,-71,
2017-11-01 16:28:49,ONEPLUS A3010_28_171012,32.10463748,35.20701892,677,3,Ariel_University,f0:b0:52:3e:c7:a8,11,-81,Ariel_University,f0:b0:52:3e:d1:ec,40,-79,Ariel_University,f0:b0:52:3e:d1:e8,1,-69,
2017-11-01 16:28:52,ONEPLUS A3010_28_171012,32.1046083,35.20697789,681,5,,00:1a:2f:7f:6b:70,13,-90,Ariel_University,f0:b0:52:3e:c8:58,6,-89,,f0:b0:52:be:d1:e7,40,-87,Ariel_University,f0:b0:52:3e:c8:28,11,-87,,ec:8c:a2:88:95:87,52,-85,
2017-11-01 16:29:00,ONEPLUS A3010_28_171012,32.10451824,35.20693382,679,4,Ariel_University,f0:b0:52:3e:c8:5c,44,-88,Ariel_University,ec:8c:a2:08:a2:48,6,-84,Ariel_University,f0:b0:52:3e:d0:9c,36,-82,Ariel_University,ec:8c:a2:08:a2:4c,36,-77,
2017-11-01 16:29:12,ONEPLUS A3010_28_171012,32.10439635,35.20684466,674,7,Ariel_University,f0:b0:52:3e:c7:ac,52,-90,Ariel_University,1c:b9:c4:15:44:38,11,-87,Ariel_University,24:c9:a1:35:aa:b8,10,-80,Ariel_University,1c:b9:c4:15:41:fc,44,-79,Ariel_University,ec:8c:a2:08:a2:48,6,-78,,ec:8c:a2:88:95:87,52,-75,Ariel_University,ec:8c:a2:08:95:8c,52,-61,
2017-11-01 16:29:22,ONEPLUS A3010_28_171012,32.10435532,35.20671817,673,7,Ariel_University,1c:b9:c4:15:41:f8,1,-89,Ariel_University,1c:b9:c4:16:cc:ac,44,-84,,1c:b9:c4:96:cc:a7,44,-83,Ariel_University,ec:8c:a2:09:8c:68,1,-82,Ariel_University,1c:b9:c4:15:fd:68,11,-82,Ariel_University,ec:8c:a2:09:8c:6c,36,-79,Ariel_University,ec:8c:a2:08:a2:4c,36,-70,
2017-11-01 16:29:31,ONEPLUS A3010_28_171012,32.1044057,35.20662354,672,3,Ariel_University,1c:b9:c4:16:ed:fc,36,-92,,f0:b0:52:be:c7:a7,52,-88,Ariel_University,1c:b9:c4:15:44:3c,36,-86,
2017-11-01 16:29:35,ONEPLUS A3010_28_171012,32.10446345,35.2065953,672,1,,24:c9:a1:b5:aa:b3,10,-87,
2017-11-01 16:29:39,ONEPLUS A3010_28_171012,32.10451733,35.20657011,669,2,Ariel_University,f0:b0:52:3e:d0:9c,36,-77,NIPPON_1947,08:97:58:32:8a:3e,1,-73,
2017-11-01 16:29:41,ONEPLUS A3010_28_171012,32.10453485,35.20655233,667,3,Ariel_University,1c:b9:c4:16:cc:a8,6,-81,Ariel_University,1c:b9:c4:16:cc:ac,44,-79,,1c:b9:c4:96:cc:a7,44,-78,
2017-11-01 16:29:43,ONEPLUS A3010_28_171012,32.10454323,35.20652519,667,1,Ariel_University,f0:b0:52:3e:d0:98,1,-80,
2017-11-01 16:29:53,ONEPLUS A3010_28_171012,32.10464004,35.20644216,668,1,Ariel_University,1c:b9:c4:15:33:d8,1,-89,
2017-11-01 16:30:02,ONEPLUS A3010_28_171012,32.10469313,35.20633756,668,3,Ariel_University,f0:3e:90:04:f5:28,1,-85,Ariel_University,f0:b0:52:3e:c8:58,6,-81,Ariel_University,24:c9:a1:35:aa:b8,10,-57,
2017-11-01 16:30:03,ONEPLUS A3010_28_171012,32.10468499,35.20632203,668,1,Ariel_University,f0:b0:52:3e:c7:b8,1,-78,
2017-11-01 16:30:10,ONEPLUS A3010_28_171012,32.10467157,35.20621327,666,1,Ariel_University,1c:b9:c4:15:33:dc,36,-87,
2017-11-01 16:30:25,ONEPLUS A3010_28_171012,32.1046968,35.20596781,663,5,Ariel_University,8c:0c:90:30:05:18,1,-93,bz300683,14:ae:db:53:3f:a5,11,-85,Ariel_University,8c:0c:90:30:04:c8,2,-81,,8c:0c:90:b0:04:c3,2,-81,Ariel_University,f0:b0:52:3e:c7:a8,11,-79,
2017-11-01 16:30:27,ONEPLUS A3010_28_171012,32.10468925,35.20593292,662,1,Ariel_University,ec:8c:a2:08:95:88,1,-89,
2017-11-01 16:30:33,ONEPLUS A3010_28_171012,32.10471192,35.20583505,661,5,Ariel_University,ec:8c:a2:08:95:8c,52,-89,rewa123,e8:cc:18:ee:77:ac,6,-89,Ariel_University,e0:10:7f:1a:89:c8,11,-80,,e0:10:7f:9a:89:c3,11,-79,Ariel_University,8c:0c:90:2f:cc:38,11,-71,
2017-11-01 16:30:35,ONEPLUS A3010_28_171012,32.10472267,35.20580651,661,1,Ariel_University,8c:0c:90:2f:d5:68,6,-79,
2017-11-01 16:30:41,ONEPLUS A3010_28_171012,32.10474128,35.20570961,660,6,Ariel_University,6c:aa:b3:08:24:98,6,-91,Ariel_University,24:c9:a1:33:34:68,11,-86,israela_2.4,a0:4f:d4:2b:11:c1,1,-84,Ariel_University,24:c9:a1:35:d3:68,11,-77,Ariel_University,24:c9:a1:35:a6:98,6,-69,Ariel_University,8c:0c:90:2f:cc:38,11,-62,
2017-11-01 16:30:58,ONEPLUS A3010_28_171012,32.10472616,35.2054232,659,7,Ariel_University,24:c9:a1:35:a5:e8,6,-92,Ariel_University,8c:0c:90:2f:2b:98,6,-88,ariel,14:ae:db:39:f8:8d,6,-86,,24:c9:a1:b5:e7:e3,1,-80,island-35E7E0,24:c9:a1:75:e7:e3,1,-76,Ariel_University,24:c9:a1:35:d3:68,11,-71,Ariel_University,24:c9:a1:33:34:68,11,-67,
2017-11-01 16:31:02,ONEPLUS A3010_28_171012,32.10472103,35.2053584,659,3,Ariel_University,f0:b0:52:3e:d8:98,1,-90,Ariel_University,8c:0c:90:2f:2b:98,6,-78,island-365C70,24:c9:a1:76:5c:73,11,-68,
2017-11-01 16:31:10,ONEPLUS A3010_28_171012,32.10471815,35.20524473,659,1,Ariel_University,24:c9:a1:35:a5:e8,6,-69,
2017-11-01 16:31:16,ONEPLUS A3010_28_171012,32.10471983,35.20515489,660,3,Ariel_University,8c:0c:90:2e:e8:08,6,-92,Ariel_University,8c:0c:90:01:38:08,6,-88,Ariel_University,8c:0c:90:2f:2b:98,6,-66,
2017-11-01 16:31:18,ONEPLUS A3010_28_171012,32.10472365,35.20512631,661,1,Ariel_University,8c:0c:90:2f:35:38,1,-83,
2017-11-01 16:31:20,ONEPLUS A3010_28_171012,32.104718,35.20509182,662,3,ariel,14:ae:db:39:f8:8d,6,-75,bezeq,04:a1:51:13:2f:bb,11,-71,Ariel_University,24:c9:a1:35:d3:68,11,-66,
2017-11-01 16:31:24,ONEPLUS A3010_28_171012,32.1046913,35.20502102,661,2,Ariel_University,8c:0c:90:2d:75:b8,4,-76,island-2EE3A0,8c:0c:90:6e:e3:a3,6,-67,
2017-11-01 16:31:33,ONEPLUS A3010_28_171012,32.1046619,35.20492624,662,2,Ariel_University,24:c9:a1:35:d3:78,1,-77,Ariel_University,8c:0c:90:2f:78:48,1,-76,
2017-11-01 16:31:36,ONEPLUS A3010_28_171012,32.10464232,35.20486286,660,1,Ariel_University,24:c9:a1:36:45:28,1,-83,
2017-11-01 16:31:43,ONEPLUS A3010_28_171012,32.10461483,35.20470913,659,5,Ariel_University,24:c9:a1:35:d6:38,1,-91,Ariel_University,8c:0c:90:30:05:58,11,-89,Ariel_University,6c:aa:b3:08:24:98,6,-88,Ariel_University,24:c9:a1:36:2f:38,1,-77,Ariel_University,8c:0c:90:2e:f0:d8,1,-77,
2017-11-01 16:31:54,ONEPLUS A3010_28_171012,32.10458744,35.20453919,656,4,Ariel_University,8c:0c:90:2f:ca:18,1,-83,Ariel_University,8c:0c:90:2f:ca:48,11,-79,Ariel_University,8c:0c:90:30:05:58,11,-76,Ariel_University,8c:0c:90:2e:f0:d8,1,-69,
2017-11-01 16:32:03,ONEPLUS A3010_28_171012,32.10445651,35.20450449,655,2,Ariel_University,8c:0c:90:2e:f0:d8,1,-62,Ariel_University,8c:0c:90:30:05:58,11,-52,
2017-11-01 16:32:53,ONEPLUS A3010_28_171012,32.10436202,35.20455363,652,1,Ariel_University,24:c9:a1:36:55:f8,11,-48,
2017-11-01 16:32:58,ONEPLUS A3010_28_171012,32.10432408,35.20457981,650,4,Ariel_University,24:c9:a1:33:3c:68,1,-89,Ariel_University,8c:0c:90:2f:2b:d8,11,-89,Ariel_University,24:c9:a1:36:52:f8,1,-79,not_your_wifi,a0:ab:1b:63:40:be,2,-75,
2017-11-01 16:33:10,ONEPLUS A3010_28_171012,32.10430728,35.2046005,651,1,Ariel_University,8c:0c:90:2e:e7:f8,11,-90,
2017-11-01 16:33:22,ONEPLUS A3010_28_171012,32.10431789,35.20457946,650,1,Ariel_University,24:c9:a1:36:55:f8,11,-38,
2017-11-01 16:33:54,ONEPLUS A3010_28_171012,32.10432385,35.20458804,650,1,,8c:0c:90:ae:f0:d3,1,-84,
2017-11-01 16:34:07,ONEPLUS A3010_28_171012,32.10432213,35.20458932,650,1,Ariel_University,24:c9:a1:33:3c:68,1,-81,
2017-11-01 16:43:12,ONEPLUS A3010_28_171012,32.10430599,35.20464442,644,1,,24:c9:a1:b6:5c:33,11,-83,
2017-11-01 16:56:33,ONEPLUS A3010_28_171012,32.10434355,35.20455918,653,1,,8c:0c:90:ae:f0:d3,1,-70,
2017-11-01 16:56:46,ONEPLUS A3010_28_171012,32.10440525,35.20453495,654,1,Ariel_University,24:c9:a1:36:56:e8,6,-75,
2017-11-01 16:56:56,ONEPLUS A3010_28_171012,32.10450714,35.20455772,656,2,Ariel_University,24:c9:a1:33:3d:08,6,-79,,8c:0c:90:ae:f0:d3,1,-63,
2017-11-01 16:57:09,ONEPLUS A3010_28_171012,32.10456062,35.2046316,656,2,Friends_5,6c:b0:ce:36:be:03,60,-88,Ariel_University,8c:0c:90:2f:ca:18,1,-77,
2017-11-01 16:57:39,ONEPLUS A3010_28_171012,32.10464591,35.20504031,663,1,Ariel_University,24:c9:a1:36:51:b8,2,-85,
2017-11-01 16:57:50,ONEPLUS A3010_28_171012,32.10467882,35.20518871,662,3,,8c:0c:90:af:35:33,1,-89,Ariel_University,8c:0c:90:2f:2b:98,6,-57,island-365C70,24:c9:a1:76:5c:73,11,-54,
2017-11-01 16:58:11,ONEPLUS A3010_28_171012,32.10466081,35.20548953,663,2,israela_5,a0:4f:d4:2b:11:c2,52,-91,Ariel_University,24:c9:a1:33:34:68,11,-57,
2017-11-01 16:58:24,ONEPLUS A3010_28_171012,32.1046624,35.20567889,663,3,Ariel_University,e0:10:7f:1a:b2:58,11,-85,Ariel_University,24:c9:a1:35:a6:98,6,-63,Ariel_University,8c:0c:90:2f:cc:38,11,-57,
2017-11-01 16:58:30,ONEPLUS A3010_28_171012,32.10466815,35.20577667,663,1,Ariel_University,8c:0c:90:2f:ca:98,6,-91,
2017-11-01 16:58:38,ONEPLUS A3010_28_171012,32.10466103,35.20591263,664,3,Ariel_University,e0:10:7f:1a:89:c8,11,-75,,e0:10:7f:9a:89:c3,11,-74,Ariel_University,8c:0c:90:2f:d5:68,6,-73,
2017-11-01 16:58:51,ONEPLUS A3010_28_171012,32.1046666,35.20610188,663,1,Ariel_University,24:c9:a1:35:d3:68,11,-82,
2017-11-01 16:58:58,ONEPLUS A3010_28_171012,32.10467832,35.20623396,662,1,Ariel_University,8c:0c:90:30:04:c8,2,-70,
2017-11-01 16:59:12,ONEPLUS A3010_28_171012,32.10476508,35.20639239,664,5,Ariel_University,ec:8c:a2:08:ae:38,6,-90,,f0:b0:52:be:c8:d7,44,-89,Ariel_University,f0:b0:52:3e:c8:dc,44,-89,,ec:8c:a2:88:aa:d7,36,-88,Ariel_University,f0:b0:52:3e:c8:d8,11,-80,
2017-11-01 16:59:24,ONEPLUS A3010_28_171012,32.1049048,35.20638929,664,5,Ariel_University,f0:b0:52:3e:c7:bc,44,-90,Ariel_University,f0:b0:52:3e:cc:18,11,-89,Ariel_University,ec:8c:a2:26:d2:98,11,-82,Ariel_University,ec:8c:a2:08:ae:38,6,-79,Ariel_University,ec:8c:a2:08:ae:3c,36,-76,
2017-11-01 16:59:30,ONEPLUS A3010_28_171012,32.10498843,35.20640592,666,4,Ariel_University,ec:8c:a2:08:a4:3c,36,-85,Ariel_University,ec:8c:a2:08:ae:38,6,-74,Ariel_University,ec:8c:a2:08:a2:48,6,-73,Ariel_University,ec:8c:a2:26:d2:98,11,-67,
2017-11-01 16:59:33,ONEPLUS A3010_28_171012,32.10502759,35.20640141,666,3,Ariel_University,ec:8c:a2:08:a4:38,11,-84,,ec:8c:a2:88:a4:37,36,-81,Ariel_University,ec:8c:a2:26:d2:98,11,-57,
2017-11-01 16:59:37,ONEPLUS A3010_28_171012,32.10507108,35.20640773,668,7,Ariel_University,8c:0c:90:30:05:18,1,-84,Ariel_University,f0:b0:52:3e:d1:3c,44,-81,Ariel_University,e0:10:7f:1e:55:48,1,-79,Ariel_University,f0:b0:52:3e:d1:38,6,-78,Ariel_University,ec:8c:a2:08:a4:3c,36,-77,Ariel_University,24:c9:a1:36:50:98,1,-74,Ariel_University,ec:8c:a2:08:a4:38,11,-72,
2017-11-01 17:00:00,ONEPLUS A3010_28_171012,32.10534048,35.2063402,671,8,Ariel_University,f0:b0:52:3e:c8:0c,44,-90,Ariel_University,f0:b0:52:3e:c8:1c,52,-88,,f0:b0:52:be:c8:17,52,-84,Ariel_University,f0:b0:52:3e:ca:dc,36,-77,Ariel_University,8c:0c:90:2f:ca:98,6,-74,Ariel_University,24:c9:a1:36:2a:68,11,-73,Ariel_University,ec:8c:a2:08:a4:3c,36,-71,Ariel_University,f0:b0:52:3e:d9:b8,1,-69,
2017-11-01 17:00:02,ONEPLUS A3010_28_171012,32.10536213,35.20632873,672,1,Ariel_University,ec:8c:a2:08:a2:4c,36,-87,
2017-11-01 17:00:18,ONEPLUS A3010_28_171012,32.10541637,35.20644398,672,7,Ariel_University,24:c9:a1:36:20:88,1,-91,Ariel_University,f0:b0:52:3e:ca:d8,1,-85,Ariel_University,f0:b0:52:3e:d9:bc,36,-84,Ariel_University,f0:b0:52:3e:ca:3c,48,-79,Ariel_University,f0:b0:52:3e:c8:08,1,-79,Ariel_University,8c:0c:90:2e:0e:88,6,-74,Ariel_University,f0:b0:52:3e:d9:b8,1,-57,
2017-11-01 17:00:22,ONEPLUS A3010_28_171012,32.10541914,35.20651945,672,1,Ariel_University,f0:b0:52:3e:ca:d8,1,-78,
2017-11-01 17:00:24,ONEPLUS A3010_28_171012,32.10542452,35.20656112,668,3,Ariel_University,f0:b0:52:3e:ca:d8,1,-70,Ariel_University,f0:b0:52:3e:ca:3c,48,-69,Ariel_University,f0:b0:52:3e:ca:38,11,-67,
2017-11-01 17:00:59,ONEPLUS A3010_28_171012,32.10547281,35.20671521,671,6,Ariel_University,f0:b0:52:3e:d6:fc,44,-87,,f0:b0:52:be:d6:f7,44,-87,Ariel_University,f0:b0:52:3e:c8:18,11,-87,,f0:b0:52:be:ca:d7,36,-83,,f0:b0:52:be:ca:37,48,-82,Ariel_University,f0:b0:52:3e:ca:d8,1,-57,
2017-11-01 17:01:10,ONEPLUS A3010_28_171012,32.10549317,35.20672598,671,2,,00:1a:dd:f4:db:c4,6,-93,Ariel_University,f0:b0:52:3e:d3:7c,36,-92,
2017-11-01 17:01:21,ONEPLUS A3010_28_171012,32.10550143,35.20674622,671,1,Ariel_University,f0:b0:52:3e:d3:78,1,-80,
2017-11-01 17:01:31,ONEPLUS A3010_28_171012,32.10550294,35.20682631,671,1,Ariel_University,f0:b0:52:3e:c8:18,11,-80,
2017-11-01 17:01:44,ONEPLUS A3010_28_171012,32.10547875,35.20683728,669,4,RelTele,02:02:ee:92:32:ee,1,-81,,f0:b0:52:be:c8:17,52,-77,Ariel_University,f0:b0:52:3e:c8:1c,52,-77,Ariel_University,f0:b0:52:3e:ca:dc,36,-72,
2017-11-01 17:02:02,ONEPLUS A3010_28_171012,32.10547753,35.20682914,666,3,Ariel_University,f0:b0:52:3e:d6:f8,6,-84,Ariel_University,f0:b0:52:3e:c8:1c,52,-71,Ariel_University,f0:b0:52:3e:c8:18,11,-66,
2017-11-01 17:02:17,ONEPLUS A3010_28_171012,32.10548055,35.20683808,666,1,Ariel_University,f0:b0:52:3e:d8:e8,6,-87,
2017-11-01 17:02:22,ONEPLUS A3010_28_171012,32.10548696,35.20688437,668,4,Ariel_University,f0:b0:52:3e:c7:bc,44,-81,Ariel_University,f0:b0:52:3e:d6:fc,44,-81,,f0:b0:52:be:c7:b7,44,-80,Ariel_University,f0:b0:52:3e:d6:f8,6,-78,
2017-11-01 17:02:37,ONEPLUS A3010_28_171012,32.10547332,35.20699722,667,1,Ariel_University,f0:b0:52:3e:d6:f8,6,-57,
2017-11-01 17:02:46,ONEPLUS A3010_28_171012,32.10548694,35.20696998,666,2,,00:1a:dd:f4:f5:c4,8,-75,Afikim_Wifi,00:1a:dd:f4:f5:c5,8,-75,
2017-11-01 17:02:57,ONEPLUS A3010_28_171012,32.10550266,35.20698379,665,2,Ariel_University,1c:b9:c4:14:38:2c,36,-86,Ariel_University,f0:b0:52:3e:d6:fc,44,-75,
2017-11-01 17:02:58,ONEPLUS A3010_28_171012,32.10548763,35.20698994,665,1,Ariel_University,f0:b0:52:3e:da:18,6,-77,
2017-11-01 17:03:01,ONEPLUS A3010_28_171012,32.10543275,35.20697197,666,3,Ariel_University,f0:b0:52:3e:c8:0c,44,-85,Ariel_University,f0:b0:52:3e:d3:7c,36,-80,Ariel_University,ec:8c:a2:26:d2:c8,11,-69,
2017-11-01 17:03:13,ONEPLUS A3010_28_171012,32.10524789,35.20697324,661,6,,f0:b0:52:be:d0:37,52,-87,Ariel_University,f0:b0:52:3e:cc:78,6,-82,,f0:b0:52:be:c7:b7,44,-74,Ariel_University,f0:b0:52:3e:d8:e8,6,-74,Ariel_University,f0:b0:52:3e:c7:bc,44,-73,Ariel_University,ec:8c:a2:26:d2:c8,11,-61,
2017-11-01 17:03:23,ONEPLUS A3010_28_171012,32.10517179,35.20688082,665,6,Ariel_University,1c:b9:c4:16:05:7c,36,-88,Ariel_University,f0:b0:52:3e:cc:1c,36,-87,Ariel_University,f0:b0:52:3e:d0:3c,52,-83,Ariel_University,f0:b0:52:3e:c8:dc,44,-62,Ariel_University,f0:b0:52:3e:c8:d8,11,-59,Ariel_University,ec:8c:a2:26:d2:c8,11,-53,
2017-11-01 17:03:45,ONEPLUS A3010_28_171012,32.10506003,35.20664786,666,9,Ariel_University,f0:b0:52:3e:c8:ec,52,-78,,f0:b0:52:be:c8:e7,52,-74,Ariel_University,f0:b0:52:3e:d1:3c,44,-68,Ariel_University,f0:b0:52:3e:d1:ec,40,-68,Ariel_University,f0:b0:52:3e:cc:18,11,-64,Ariel_University,f0:b0:52:3e:ca:dc,36,-63,Ariel_University,f0:b0:52:3e:d1:38,6,-61,Ariel_University,f0:b0:52:3e:cc:1c,36,-61,Ariel_University,f0:b0:52:3e:c8:dc,44,-47,
2017-11-01 17:03:55,ONEPLUS A3010_28_171012,32.10495816,35.2066005,666,7,,f0:b0:52:be:d4:57,44,-81,Ariel_University,f0:b0:52:3e:d8:ec,36,-80,Ariel_University,f0:b0:52:3e:c8:58,6,-71,Ariel_University,f0:b0:52:3e:c7:b8,1,-71,,f0:b0:52:be:ca:d7,36,-70,Ariel_University,f0:b0:52:3e:cc:1c,36,-52,,f0:b0:52:be:cc:17,36,-51,
2017-11-01 17:04:17,ONEPLUS A3010_28_171012,32.10495959,35.20660347,666,2,Ariel_University,f0:b0:52:3e:d9:bc,36,-74,Ariel_University,f0:b0:52:3e:d3:7c,36,-65,
2017-11-01 17:04:29,ONEPLUS A3010_28_171012,32.10495009,35.20659062,666,4,,f0:b0:52:be:d1:37,44,-76,Ariel_University,f0:b0:52:3e:c7:b8,1,-64,Ariel_University,f0:b0:52:3e:c7:bc,44,-55,,f0:b0:52:be:c7:b7,44,-51,
2017-11-01 17:04:33,ONEPLUS A3010_28_171012,32.1049485,35.20658829,666,1,Ariel_University,f0:b0:52:3e:c7:b8,1,-49,
2017-11-01 17:04:41,ONEPLUS A3010_28_171012,32.10494746,35.20658676,666,4,Ariel_University,f0:b0:52:3e:d4:5c,44,-71,Ariel_University,f0:b0:52:3e:c7:a8,11,-70,Ariel_University,f0:b0:52:3e:d8:ec,36,-66,Ariel_University,f0:b0:52:3e:d4:58,11,-59,
2017-11-01 17:04:53,ONEPLUS A3010_28_171012,32.10494726,35.20658647,666,7,yinon,f0:25:b7:c5:4c:95,11,-76,,f0:b0:52:be:c7:a7,52,-70,Ariel_University,f0:b0:52:3e:c7:ac,52,-67,Ariel_University,f0:b0:52:3e:d8:e8,6,-63,Ariel_University,f0:b0:52:3e:d8:ec,36,-55,,f0:b0:52:be:d8:e7,36,-53,Ariel_University,f0:b0:52:3e:cc:18,11,-52,
